id,title,publish_utc,sports_name,user_name,likes,views
1,Greatest Premier League strikers of the 90s,2018-11-29 11:07:02,Football,Devang Prasad,0,758
2,Greatest Cricket Legends of all time,2018-11-29 11:49:04,Cricket,Rishabh Tiwari,0,201
3,Eight of the greatest NBA Players of all time,2018-11-29 18:21:18,Basketball,Tushar Behera,0,433
4,Most Valuable Players of the 1994 FIFA World Cup,2018-11-30 09:46:29,Football,Amrinder Singh Mallhi,0,477
5,Most Valuable Players of the 2006 FIFA World Cup,2018-11-30 10:34:58,Football,Kinshuk Lahiri,0,163
6,The best individual goals of the 2014 FIFA World Cup,2018-12-03 07:16:54,Football,Gurvinder Singh,0,161
7,The best individual moments from the 1994 FIFA World Cup,2018-11-30 09:50:06,Football,Avneet Singh,0,292
8,The best individual moments from the 2002 FIFA World Cup,2018-11-30 10:21:35,Football,chander,0,216
9,The best individual goals from the 2010 FIFA World Cup,2018-11-30 12:17:37,Football,Sai Nitya,0,159
10,Most Valuable Players of the 2010 FIFA World Cup,2018-11-30 12:15:02,Football,Kaustabh,0,162
11,The best individual moments from the 1998 FIFA World Cup,2018-11-30 10:25:31,Football,Jagjit Singh,0,172
12,The best individual moments from the 2006 FIFA World Cup,2018-11-30 12:12:31,Football,Pardeep Sharma,0,219
13,Most Valuable Players of the 2014 FIFA World Cup,2018-11-30 12:20:19,Football,shubhpreet,0,263
14,Most Valuable Players of the 2002 FIFA World Cup,2018-11-30 09:43:21,Football,Manpreet Singh,0,436
15,The ten greatest football legends in history,2018-12-03 07:21:12,Football,Selveena,0,620
16,The five greatest golfers in history,2018-12-03 07:26:25,Golf,Goomauny Suraj,0,266
17,The best men's tennis players of all time,2018-12-03 07:29:01,Tennis,Hans,0,422
18,The greatest field hockey legends of all time,2018-12-03 07:31:37,Hockey,Srinivasan Alagendran,0,1153
27,The 2017-18 La Liga Team of the Season,2018-12-07 06:44:28,Football,Michael Serres,0,388
35,Most memorable one-hit wonders in men's tennis history,2018-12-13 14:01:54,Tennis,Devang Prasad,0,357
36,The worst FC Barcelona transfer signings of the 2010s,2018-12-14 13:23:31,Football,Ayaktan Roy,0,1093
39,"Birdie, Bogey and more: Explaining the often confusing golf scoring terms",2018-12-15 13:16:34,Golf,Kavita,0,485
40,Ten of the greatest Formula 1 champions in history,2018-12-18 06:58:37,F1,Kavita,0,313
41,"Arsene Wenger's All-Time XI: Henry, Vieira and more",2018-12-18 06:57:13,Football,Devang Prasad,0,244
43,"Explaining Rugby Terms: Scoring, Lineouts and the Scrum",2018-12-20 17:07:50,Rugby,Ayaktan Roy,0,288
44,The five best Manchester City signings of the 2010s,2018-12-21 12:58:53,Football,Rishabh Tiwari,0,349
45,5 best Premier League transfers in the 2019 January transfer window,2019-01-07 18:37:27,Football,Aravind Viswanath,0,567
46,5 best performances from the India v Australia Test Series 2018-19,2019-01-08 11:44:27,Cricket,Aravind Viswanath,0,259
47,5 things that went wrong for Real Madrid in the 2018-19 season,2019-01-09 10:33:30,Football,Aravind Viswanath,0,446
48,5 best ODI knocks by Indians against Australia down under,2019-01-09 18:36:12,Cricket,Aravind Viswanath,0,226
49,5 best Chelsea signings of the 2010s,2019-01-10 12:18:44,Football,Aravind Viswanath,0,293
50,Three surprising Australian Open Singles Champions in history,2019-01-11 09:28:57,Tennis,Aravind Viswanath,0,271
51,Five of the best FC Barcelona transfer signings of the 2010's,2019-01-11 09:46:34,Football,Aravind Viswanath,0,197
52,Five of the most unlikely league title wins in the top 5 European Leagues,2019-01-14 04:54:08,Football,Aravind Viswanath,0,228
53,Five top knocks by Indians at the Cricket World Cup,2019-01-14 06:51:32,Cricket,Aravind Viswanath,0,135
54,Five most underrated Manchester United players,2019-01-14 17:57:48,Football,Aravind Viswanath,0,397
55,Five forgotten Indian cricketers,2019-01-14 18:01:38,Cricket,Aravind Viswanath,0,213
56,Top five significant Premier League goals,2019-01-19 08:53:14,Football,Aravind Viswanath,0,231
57,Five best Indian ODI knocks in New Zealand,2019-01-19 16:10:52,Cricket,Aravind Viswanath,0,141
58,Five top footballers who should have won the Ballon d’Or,2019-01-20 17:02:40,Football,Aravind Viswanath,0,243
59,Top five drivers to not have won the Formula 1 Championship,2019-01-20 18:11:07,F1,Aravind Viswanath,0,254
60,Five worst Manchester United signings of the 2010s,2019-01-21 17:17:39,Football,Aravind Viswanath,0,139
61,Five best tennis greats to not have won a Grand Slam Singles title,2019-01-21 18:50:58,Tennis,Aravind Viswanath,0,190
62,Five biggest controversies in the Premier League,2019-01-22 12:00:50,Football,Aravind Viswanath,0,161
63,Five greatest Indian hockey players,2019-01-22 16:17:25,Hockey,Aravind Viswanath,0,224
64,Five surprising Formula 1 Champions,2019-01-23 19:46:50,F1,Aravind Viswanath,0,214
65,Top five managers in the Premier League era,2019-01-23 21:08:42,Football,Aravind Viswanath,0,113
66,Five greatest rivalries in club football,2019-01-24 20:28:05,Football,Aravind Viswanath,0,119
67,Three biggest NBA controversies of all time,2019-01-24 21:24:52,Basketball,Aravind Viswanath,0,233
68,Five forgotten La Liga footballers post 2000,2019-01-25 20:26:09,Football,Aravind Viswanath,0,141
69,Three best Indian women cricketers of all time,2019-01-25 21:54:13,Cricket,Aravind Viswanath,0,179
70,Five best stunning comebacks in the history of the FA Cup,2019-01-26 11:21:51,Football,Aravind Viswanath,0,126
71,Six best Test all-rounders cricket has ever seen,2019-01-26 13:31:32,Cricket,Aravind Viswanath,0,235
72,Five best Australian Open Men’s Champions in history,2019-01-27 20:34:22,Tennis,Aravind Viswanath,0,145
73,Five best signings Liverpool have made since 2010,2019-01-28 04:25:14,Football,Aravind Viswanath,0,98
74,Five best Real Madrid Youth Academy products of all time,2019-01-28 08:36:25,Football,Aravind Viswanath,0,247
75,One-win wonders in Formula 1 history,2019-01-28 12:14:28,F1,Aravind Viswanath,0,170
76,Five best Indian cricket captains of all time,2019-01-29 15:27:24,Cricket,Aravind Viswanath,0,123
77,The three most-acclaimed referees in football history,2019-01-29 16:01:22,Football,Aravind Viswanath,0,233
78,Driver line-ups for the 2019 F1 season,2019-03-29 22:09:56,F1,Duane Hill,1,135
79,The five lowest ODI totals of the Indian cricket team,2019-01-31 09:49:58,Cricket,Aravind Viswanath,0,109
80,The three best current international managers in world football,2019-01-31 18:12:17,Football,Aravind Viswanath,0,91
81,A look at Liverpool's 2018/19 title charge,2019-03-28 07:16:07,Football,Duane Hill,1,161
82,The five worst NBA trades in its history,2019-02-01 15:23:50,Basketball,Aravind Viswanath,0,157
83,Five biggest bust-ups between players and managers in England,2019-02-01 15:56:03,Football,Aravind Viswanath,0,163
84,Three most surprising French Open Champions,2019-02-02 23:02:36,Tennis,Aravind Viswanath,0,131
85,Five biggest deals during the 2019 January transfer window,2019-02-03 01:07:53,Football,Aravind Viswanath,0,119
86,Top five contenders for the ICC Cricket World Cup 2019,2019-02-03 21:00:44,Cricket,Aravind Viswanath,0,381
87,Three of the worst fouls that football has ever seen,2019-02-03 21:51:00,Football,Aravind Viswanath,0,167
88,The five most challenging Formula One circuits,2019-02-04 19:38:22,F1,Aravind Viswanath,0,211
89,The five most iconic penalty misses in football,2019-02-04 20:09:12,Football,Aravind Viswanath,0,255
90,Top three contenders for the NBA MVP 2018-19,2019-02-06 05:06:12,Basketball,Aravind Viswanath,0,160
91,Five reasons Manchester United should extend Ole Gunnar Solksjaer's tenure,2019-02-06 05:34:13,Football,Aravind Viswanath,0,104
92,Five most memorable matches in El Clásico history,2019-02-07 22:25:50,Football,Aravind Viswanath,0,174
93,Three biggest all-time rivalries in tennis,2019-02-07 22:54:44,Tennis,Aravind Viswanath,0,179
94,Five fastest smashes in the history of badminton,2019-02-08 20:12:13,Table Tennis,Aravind Viswanath,0,244
95,Five controversial red cards in football history,2019-02-08 20:31:03,Football,Aravind Viswanath,0,129
96,Five fastest centuries in ODI cricket history,2019-02-10 12:26:52,Cricket,Aravind Viswanath,0,126
97,Five craziest goal celebrations ever in football history,2019-02-10 12:53:26,Football,Aravind Viswanath,0,162
98,Five most fastest laps by F1 drivers who are currently on the grid,2019-02-11 21:42:20,F1,Aravind Viswanath,0,150
99,Top five footballers to have never received a red card at the club level,2019-02-11 22:11:04,Football,Aravind Viswanath,0,124
100,Top five injury-prone football players,2019-02-12 11:46:10,Football,Aravind Viswanath,0,160
101,Five best male young prodigies in modern tennis,2019-02-12 18:16:51,Tennis,Aravind Viswanath,0,182
102,Top five contenders for the UEFA Champions League 2018-19,2019-02-16 15:24:12,Football,Aravind Viswanath,0,210
103,Summarising Kusal Perera's incredible heroics for Sri Lanka in Durban,2019-02-16 15:36:27,Cricket,Aravind Viswanath,0,117
104,Players of Indian descent who have plied their trade in the NBA,2019-02-18 12:36:16,Basketball,Aravind Viswanath,0,168
105,Chelsea vs Manchester United: FA Cup history over the years,2019-02-18 19:28:18,Football,Aravind Viswanath,0,102
106,Top five iconic tennis stadiums in the world,2019-02-19 15:21:14,Tennis,Aravind Viswanath,0,259
107,Why it is almost game over for Maurizio Sarri at Chelsea after its defeat to Manchester United,2019-02-19 15:35:27,Football,Aravind Viswanath,0,99
108,Three biggest Formula 1 accidents in the history of the racing sport,2019-02-20 17:56:51,F1,Aravind Viswanath,0,289
109,Top five contenders for the 2019 African Cup of Nations,2019-02-20 18:17:03,Football,Aravind Viswanath,0,151
110,Five highest run chases by India in ODI history,2019-02-21 17:03:28,Cricket,Aravind Viswanath,0,146
111,The tactical masterclass from Diego Simeone that saw Atletico Madrid win 2-0 against Juventus,2019-02-21 17:47:09,Football,Aravind Viswanath,0,112
112,The five best dunkers in NBA history,2019-02-22 18:10:36,Basketball,Aravind Viswanath,0,265
113,Why Mesut Ozil has to be central to Unai Emery's plans if Arsenal are to succeed this season,2019-02-22 18:40:54,Football,Aravind Viswanath,0,119
114,The five fastest official serves in the history of tennis,2019-02-23 19:40:14,Tennis,Aravind Viswanath,0,206
115,How the two-year transfer ban could impact Chelsea players,2019-02-23 19:57:45,Football,Aravind Viswanath,0,95
116,Lionel Messi heroics power FC Barcelona to go ten points clear on top of the La Liga table,2019-02-24 20:38:29,Football,Aravind Viswanath,0,114
117,Fun trivia about Formula One,2019-02-24 20:35:08,F1,Aravind Viswanath,0,280
118,What are the factors that influence value of a Utility Token?,2019-02-25 10:50:12,SportCo,SportCo,0,150
119,Australia edge India in the first T20I match in a last-ball thriller in Visakhapatnam,2019-02-25 21:32:47,Cricket,Aravind Viswanath,0,95
120,Manchester City are Carabao Cup champions for the second straight season,2019-02-25 21:46:29,Football,Aravind Viswanath,0,105
121,Five most successful men's national basketball sides,2019-02-26 20:22:49,Basketball,Aravind Viswanath,0,234
122,Injury-stricken Manchester United hold leaders Liverpool to a goalless draw at Old Trafford,2019-02-26 21:20:13,Football,Aravind Viswanath,0,105
123,Majestic Maxwell powers Aussies to a 2-0 win as Kohli suffers his first home series loss as captain,2019-02-27 18:56:39,Cricket,Aravind Viswanath,0,94
124,Late controversy sees Fiorentina equalise against Inter Milan in a topsy turvy six-goal thriller,2019-02-27 19:17:03,Football,Aravind Viswanath,0,117
125,Nick Kyrgios upsets top seed Rafael Nadal in an engaging encounter at the Mexican Open,2019-02-28 20:50:16,Tennis,Aravind Viswanath,0,150
126,FC Barcelona storm into the Copa del Rey final after ousting arch rivals Real Madrid,2019-02-28 21:22:29,Football,Aravind Viswanath,0,90
127,Five biggest controversies in Formula 1 history,2019-03-01 22:41:20,F1,Aravind Viswanath,0,191
128,Why Ole Gunnar Solksjaer should get the permanent Manchester United role,2019-03-01 22:54:06,Football,Aravind Viswanath,0,87
129,India go 1-0 up in the ODI series Australia thanks to Kedar Jadhav and Mohammed Shami,2019-03-03 01:44:25,Cricket,Aravind Viswanath,0,110
130,Bayern are level on points with Dortmund after a thrashing performance in the Bundesliga,2019-03-03 01:57:13,Football,Aravind Viswanath,0,85
131,Federer makes history by winning his 100th career ATP Singles Title,2019-03-03 21:59:34,Tennis,Aravind Viswanath,0,120
132,Liverpool hand the advantage to Manchester City as they get held 0-0 in the Merseyside derby,2019-03-03 22:16:17,Football,Aravind Viswanath,0,90
133,Oklahoma City Thunder come from behind to outclass the Memphis Grizzlies,2019-03-04 22:36:19,Basketball,Aravind Viswanath,0,123
134,Five new IFAB rule changes that will impact football,2019-03-04 23:18:33,Football,Aravind Viswanath,0,136
135,Captain Kohli's 40th ODI ton proves to be key as India edge Australia in the 2nd ODI at Nagpur,2019-03-05 22:05:56,Cricket,Aravind Viswanath,0,189
136,Holders Real Madrid stunned by Ajax in a massive Champions League upset,2019-03-05 22:44:47,Football,Aravind Viswanath,0,104
137,Golden Knights get past Canucks thanks to Marc-Andre Fleury's reflexes,2019-03-06 12:00:21,Hockey,Aravind Viswanath,0,111
138,Harry Kane's goal ends Dortmund hopes of an unlikely Champions League last eight berth,2019-03-06 12:35:42,Football,Aravind Viswanath,0,126
139,Super Bowl LIII: Basic facts you need to know,2019-03-07 22:23:37,American Football,Aravind Viswanath,0,194
140,Manchester United's scathing display sees PSG crashing out of the Champions League,2019-03-07 22:50:46,Football,Aravind Viswanath,0,190
141,Rennes overpowers Arsenal in a strong attacking performance in the Europa League,2019-03-08 20:41:41,Football,Aravind Viswanath,0,90
142,King Kohli's 41st ODI ton goes in vain as Australia seal a 32-run victory against India in Ranchi,2019-03-08 20:40:10,Cricket,Aravind Viswanath,0,889
143,Chennai City are India champions in yet another last-day I-League decider,2019-03-09 20:38:36,Football,Aravind Viswanath,0,103
144,Formula 1 to award points to drivers who set fastest laps,2019-03-09 20:37:25,F1,Aravind Viswanath,0,150
145,Australia pip India by four wickets in a mammoth chase at Mohali to level the series 2-2,2019-03-10 22:47:50,Cricket,Aravind Viswanath,0,163
146,Arsenal heat up the Champions League race after a brilliant win against in-form Manchester United,2019-03-10 22:48:38,Football,Aravind Viswanath,0,136
147,Five footballers who deserve to represent their national sides,2019-03-11 11:03:53,Football,Aravind Viswanath,0,128
148,Rafael Nadal cruises to an easy win without breaking a sweat against Jared Donaldson,2019-03-11 11:02:05,Tennis,Aravind Viswanath,0,131
149,Zinedine Zidane returns as Real Madrid manager,2019-03-12 20:28:54,Football,Aravind Viswanath,0,116
150,Clippers crush Celtics in a convincing display,2019-03-12 20:26:21,Basketball,Aravind Viswanath,0,201
151,Australia seal series triumph against India after a superb all-round display in Delhi,2019-03-13 18:20:36,Cricket,Aravind Viswanath,0,159
152,"Juventus crush Atletico's hopes, powered by a clutch hat-trick from Cristiano Ronaldo",2019-03-13 18:22:14,Football,Aravind Viswanath,0,187
153,Five best international hockey teams,2019-03-14 14:32:01,Hockey,Aravind Viswanath,0,218
154,Liverpool thrash Bayern Munich at the Allianz Arena to power its way through to the UCL quarters,2019-03-14 14:33:46,Football,Aravind Viswanath,0,125
155,Five best table tennis players of all time,2019-03-15 16:49:01,Table Tennis,Aravind Viswanath,0,218
156,Chelsea thrash Dynamo Kiev and march on to the Europa League last eight,2019-03-15 16:50:05,Football,Aravind Viswanath,0,96
157,Andreescu stuns Svitolina to reach the Indian Wells Masters final,2019-03-16 19:14:31,Tennis,Aravind Viswanath,0,107
158,UEFA Champions League Quarterfinals draw,2019-03-16 19:15:26,Football,Aravind Viswanath,0,110
159,Bengaluru clinches its maiden Indian Super League trophy after beating Goa by a solitary goal,2019-03-17 21:02:26,Football,Aravind Viswanath,0,199
160,Valtteri Bottas emerges victorious at the Australian GP,2019-03-17 21:01:38,F1,Aravind Viswanath,0,229
161,Dominic Thiem upsets Roger Federer in the Indian Wells Masters final,2019-03-18 16:51:28,Tennis,Aravind Viswanath,0,211
162,Inter gets the better of AC Milan in a classic derby encounter,2019-03-18 16:52:30,Football,Aravind Viswanath,0,107
163,Spurs get the better of Warriors in a tight NBA clash,2019-03-19 20:29:28,Basketball,Aravind Viswanath,0,174
164,Potential new proposals to the UEFA Champions League,2019-03-19 20:30:55,Football,Aravind Viswanath,0,229
165,South Africa come out on top by a whisker against Sri Lanka in the first T20I,2019-03-20 17:27:52,Cricket,Aravind Viswanath,0,77
166,India gets the hosting rights for the FIFA U17 Women's World Cup 2020,2019-03-20 17:29:11,Football,Aravind Viswanath,0,214
167,The Bizarre Conundrum of Zimbabwe Cricket: What went wrong and how?,2019-03-21 14:20:01,Cricket,Aravind Viswanath,0,151
168,Serbia holds new-look Germany to a draw in a friendly,2019-03-21 17:54:32,Football,Aravind Viswanath,0,175
169,Hazard's brace inspires Belgium to a fine victory over Russia in the EURO 2020 Qualifiers,2019-03-22 19:07:13,Football,Aravind Viswanath,0,191
170,Dhoni's Chennai crush Kohli's Bangalore in the 2019 IPL opener,2019-03-23 19:08:47,Cricket,Aravind Viswanath,0,981
171,Ten best cricketers to have represented Zimbabwe,2019-03-24 15:05:36,Cricket,Aravind Viswanath,0,178
172,Wankhede witnesses the wrath of Rishabh Pant,2019-03-25 16:15:40,Cricket,Aravind Viswanath,0,136
173,Nico Schulz's last-minute winner stuns Netherlands in the EURO 2020 Qualifiers,2019-03-25 16:14:19,Football,Aravind Viswanath,0,200
174,Federer breezes through to the Miami Open pre-quarters,2019-03-26 17:51:36,Tennis,Aravind Viswanath,0,215
175,France crush Iceland in their EURO 2020 Qualifier and go top of their group,2019-03-26 17:53:31,Football,Aravind Viswanath,0,194
176,LeBron inspires Lakers win over Wizards,2019-03-27 18:33:19,Basketball,Aravind Viswanath,0,112
177,Italy rout Liechtenstein in their EURO 2020 Qualifier,2019-03-27 18:34:26,Football,Aravind Viswanath,0,453
178,Grizzlies bow down to the Golden State Warriors,2019-03-28 18:42:33,Basketball,Aravind Viswanath,0,197
179,Smashing ton from Sanju stands apart in Nizam territory,2019-03-29 22:19:59,Cricket,Aravind Viswanath,0,93
180,Manchester City coasts to a straightforward win over Fulham,2019-03-30 20:35:13,Football,Aravind Viswanath,0,90
181,Hamilton finishes first in Bahrain after misfortune strikes Leclerc,2019-03-31 18:58:26,F1,Aravind Viswanath,0,194
182,Federer claims the Miami Open title with a comfortable victory over John Isner,2019-03-31 18:59:14,Tennis,Aravind Viswanath,0,163
183,Fortune gifts Liverpool three points amidst Lloris blunder,2019-04-01 19:47:40,Football,Aravind Viswanath,0,150
184,Delhi Capitals capitulate in a horrendous display against Punjab,2019-04-01 19:46:09,Cricket,Aravind Viswanath,0,93
185,Arsenal leapfrog their North London rivals to go third in the Premier League table,2019-04-02 21:21:53,Football,Aravind Viswanath,0,152
186,Phoenix Suns pip Cleveland Cavaliers to inflict a sixth straight loss,2019-04-02 21:20:27,Basketball,Aravind Viswanath,0,162
188,List of Super-Overs in IPL history,2019-04-03 22:37:37,Cricket,Venkat Kiran,0,199
189,Real Madrid suffers first loss under Zidane's second stint,2019-04-03 22:35:33,Football,Aravind Viswanath,0,168
190,Manchester City go back to the top of the Premier League table after demolishing Cardiff,2019-04-04 20:57:25,Football,Aravind Viswanath,0,185
191,Australia complete series whitewash against Pakistan in the UAE,2019-04-04 20:56:01,Cricket,Aravind Viswanath,0,143
192,Royal Challengers Bangalore slump to fifth straight loss after Russell blitz,2019-04-05 21:38:53,Cricket,Aravind Viswanath,0,91
193,Liverpool jump back to pole position in the Premier League courtesy two late goals,2019-04-06 18:14:27,Football,Aravind Viswanath,0,126
194,India go down fighting to South Korea in the Azlan Shah Cup finale,2019-04-06 18:13:25,Hockey,Aravind Viswanath,0,177
195,Messi magic sees Barca trounce Atletico,2019-04-07 22:43:25,Football,Aravind Viswanath,0,186
196,Debutant Alzarri Joseph breaks a rare record and carves his way through Sunrisers Hyderabad,2019-04-07 22:44:35,Cricket,Aravind Viswanath,0,172
197,LeBron-less Lakers get back to winning ways against the Utah Jazz,2019-04-08 20:03:31,Basketball,Aravind Viswanath,0,184
198,The UEFA Champions League last-eight preview,2019-04-09 18:32:56,Football,Aravind Viswanath,0,142
199,Spurs come on top of City in the Champions League last eight as Kane limps off midway,2019-04-10 17:49:32,Football,Aravind Viswanath,0,59
200,Liverpool shrug off Porto in the first leg of the Champions League,2019-04-10 17:48:07,Football,Aravind Viswanath,0,78
201,Manchester United better on the night even as Barca escape with a win,2019-04-11 19:39:26,Football,Aravind Viswanath,0,96
202,Arsenal and Chelsea take one step closer to semis in the Europa League,2019-04-12 19:23:34,Football,Aravind Viswanath,0,79
203,The resurgence of KL Rahul and how the Indian has found his form,2019-04-14 05:27:46,Cricket,Aravind Viswanath,0,133
204,Fortune favours United as they slip past West Ham thanks to Paul Pogba,2019-04-14 05:26:34,Football,Aravind Viswanath,0,85
205,Hamilton pips Bottas to claim the Chinese Grand Prix,2019-04-14 18:45:01,F1,Aravind Viswanath,0,873
206,The NBA Playoffs are well and truly under way,2019-04-14 18:46:03,Basketball,Aravind Viswanath,0,184
207,Sensational Liverpool crush Chelsea to go top of the table,2019-04-15 20:49:40,Football,Aravind Viswanath,0,67
208,Tiger Woods reigns supreme at the Augusta Masters,2019-04-15 20:47:54,Golf,Aravind Viswanath,0,72
209,Barcelona crush Man United to coast into the Champions League semis,2019-04-16 23:11:55,Football,Aravind Viswanath,0,77
210,Ajax stun Ronaldo's Juventus to storm through to the UCL semis,2019-04-17 18:29:05,Football,Aravind Viswanath,0,119
211,Clippers come from behind to register a playoff record and stun the Warriors,2019-04-17 18:28:09,Basketball,Aravind Viswanath,0,87
212,The rising stature of the FIFA Women's World Cup and women's football,2019-04-18 05:57:19,Football,Devang Prasad,0,134
213,Spurs knock out City from the Champions League in a nail-biter,2019-04-18 20:17:27,Football,Aravind Viswanath,0,119
214,Arsenal and Chelsea make it to the Europa League last four,2019-04-19 19:15:52,Football,Aravind Viswanath,0,100
215,Fabio Fognini crushes Nadal in the Monte Carlo Masters semis,2019-04-20 20:03:19,Tennis,Aravind Viswanath,0,72
216,Real Madrid romps home against Athletic Bilbao inspired by Benzema's hat-trick heroics,2019-04-21 21:10:05,Football,Aravind Viswanath,0,70
217,Fabio Fognini crowned as the Monte Carlo Masters Champion,2019-04-22 21:01:14,Tennis,Aravind Viswanath,0,77
218,Chennai Super Kings reclaim top spot after seeing off Sunrisers' challenge,2019-04-24 04:21:52,Cricket,Aravind Viswanath,0,49
219,Juventus take home their eighth consecutive Scudetto,2019-04-24 04:24:00,Football,Aravind Viswanath,0,50
220,Dame Time: Three of Damian Lillard's most thrilling last-second game winners,2019-04-25 11:36:43,Basketball,Devang Prasad,0,158
221,Naomi Osaka qualifies for the Stuttgart Open semis,2019-04-26 21:10:42,Tennis,Aravind Viswanath,0,80
222,Mumbai Indians thrash CSK and climb to second place in the IPL table,2019-04-26 21:11:38,Cricket,Aravind Viswanath,0,63
223,David Ferrer: Carving a legacy while battling the Gods of Tennis,2019-04-27 09:24:34,Tennis,Devang Prasad,0,114
224,Messi-inspired Barcelona wins the La Liga title,2019-04-27 21:59:38,Football,Aravind Viswanath,0,71
225,Delhi Capitals outclass Royal Challengers Bangalore to reach the IPL Playoffs,2019-04-28 20:49:57,Cricket,Aravind Viswanath,0,56
226,Dominic Thiem crowned the Barcelona Masters champion,2019-04-28 20:50:37,Tennis,Aravind Viswanath,0,65
228,Hardik Pandya's blitz in vain as Andre Russell has the last laugh at the Eden Gardens,2019-04-29 10:40:48,Cricket,Aravind Viswanath,0,61
230,Philadelphia 76ers beat Toronto Raptors to level the series 1-1,2019-04-30 11:20:01,Basketball,Aravind Viswanath,0,91
231,Bayern lead in the Bundesliga after draw against Nurnberg,2019-04-30 11:18:39,Football,Aravind Viswanath,0,78
232,Giant killers Ajax upset Spurs in the first leg of the UCL semis,2019-05-02 02:45:23,Football,Aravind Viswanath,0,70
234,Barcelona sink Liverpool with three deadly strikes in the first leg of the UCL semis,2019-05-03 04:39:11,Football,Aravind Viswanath,0,56
235,Mumbai dart into the IPL playoffs after a Super Over finish against the Sunrisers,2019-05-03 13:02:40,Cricket,Aravind Viswanath,0,49
236,The all new controversial IAAF testosterone ruling in women's athletics,2019-05-03 13:03:46,SportCo,Aravind Viswanath,0,59
237,Arsenal have one feet in the Europa League final while Chelsea get an away goal,2019-05-04 16:39:13,Football,Aravind Viswanath,0,59
238,Late drama at St James' Park sees Liverpool take the title race to the final day,2019-05-05 11:16:10,Football,Aravind Viswanath,0,49
239,James Harden takes matters on own hands to see off GSW's challenge in Game 3,2019-05-05 11:34:58,Basketball,Aravind Viswanath,0,71
240,Tracing the history of the iconic 'El Clasico' rivalry,2019-05-06 22:11:59,Football,Aravind Viswanath,0,102
241,Manchester City climb over Liverpool thanks to a screamer from captain Kompany,2019-05-06 22:12:45,Football,Aravind Viswanath,0,76
242,Three things to look out for in Liverpool vs Barcelona,2019-05-07 16:00:22,Football,Rishabh Tiwari,0,72
243,Liverpool thrash Messi's Barcelona to storm through to the Champions League final,2019-05-08 21:44:52,Football,Aravind Viswanath,0,44
244,Tottenham stun Ajax in a remarkable comeback and march on to the UCL final,2019-05-08 21:45:35,Football,Aravind Viswanath,0,52
245,Lionel Messi: Football's undisputed prince,2019-05-24 16:17:59,Football,Srinivasan Alagendran,1,39
246,Arsenal pummel Valencia to reach the Europa League final,2019-05-10 05:53:39,Football,Aravind Viswanath,0,53
247,Chelsea edge past Eintracht Frankfurt and qualify for the UEL final,2019-05-10 05:53:48,Football,Aravind Viswanath,0,69
248,Roger Federer clinches 1200th career triumph after beating Gael Monfils,2019-05-10 17:03:34,Tennis,Aravind Viswanath,0,58
249,Golden State Warriors seal Western Conference finals place,2019-05-11 19:53:04,Basketball,Aravind Viswanath,0,54
250,Djokovic gets past Dominic Thiem to reach the Madrid Open final,2019-05-11 19:54:15,Tennis,Aravind Viswanath,0,52
251,Lewis Hamilton reigns supreme at the Spanish Grand Prix,2019-05-12 16:19:11,F1,Aravind Viswanath,0,839
252,Manchester City pip Liverpool to lift the English Premier League 2018-19,2019-05-12 16:19:50,Football,Aravind Viswanath,0,74
253,Portland blazes past Nuggets to set up a Western Conference Finals clash with the Warriors,2019-05-13 12:07:50,Basketball,Aravind Viswanath,0,56
254,Djokovic beats Tsitsipas to win his 3rd Madrid Open title,2019-05-13 12:08:50,Tennis,Aravind Viswanath,0,73
255,Kawhi Leonard's buzzer beater sends Raptors to the Eastern Conference Finals,2019-05-14 18:52:20,Basketball,Aravind Viswanath,0,63
256,Mumbai are IPL 2019 champions after a thrilling win against Dhoni's CSK,2019-05-14 18:53:13,Cricket,Aravind Viswanath,0,34
257,Warriors thrash Trailblazers in Game 1 of the Western Conference Finals,2019-05-15 18:45:19,Basketball,Aravind Viswanath,0,40
258,Igor Stimac appointed as the new head coach of the Indian football team,2019-05-15 18:46:46,Football,Aravind Viswanath,0,58
259,Bucks' late comeback ensures Game 1 win over Raptors in the Eastern Conference Finals,2019-05-17 06:17:48,Basketball,Aravind Viswanath,0,27
260,Bairstow powers England to its second-highest ODI run chase,2019-05-17 06:18:46,Cricket,Aravind Viswanath,0,55
261,Curry inspires Warriors to a 2-0 lead over Portland in the Western Conference Finals,2019-05-17 12:42:16,Basketball,Aravind Viswanath,0,44
262,Juventus sack Massimiliano Allegri,2019-05-17 12:41:29,Football,Aravind Viswanath,0,67
264,Bucks thrash Raptors in Game 2 of NBA Eastern Conference Finals,2019-05-18 10:51:17,Basketball,Aravind Viswanath,0,45
265,Nadal steamrolls Verdasco over to reach Rome Masters semifinal,2019-05-18 10:50:20,Tennis,Aravind Viswanath,0,62
266,Warriors race to a 3-0 lead over Trail Blazers in the Western Conference Finals,2019-05-19 12:08:58,Basketball,Aravind Viswanath,0,50
267,Djokovic to clash with Nadal in the Rome Masters Final,2019-05-19 12:10:26,Tennis,Aravind Viswanath,0,66
268,Rafael Nadal crowned as champion at the Rome Masters for the ninth time,2019-05-20 15:36:03,Tennis,Aravind Viswanath,0,829
269,F1 legend Niki Lauda passes away,2019-05-21 20:55:33,F1,Aravind Viswanath,0,829
270,Raptors claw back into the reckoning against Bucks,2019-05-21 20:53:39,Basketball,Aravind Viswanath,0,51
271,Warriors make it to the fifth successive NBA Finals,2019-05-21 20:54:27,Basketball,Aravind Viswanath,0,49
272,Raptors even things against Bucks in Game 4 of the Eastern Conference NBA Finals,2019-05-22 22:20:56,Basketball,Aravind Viswanath,0,43
273,Raptors win 3rd straight game to go 3-2 up against Bucks,2019-05-24 16:19:21,Basketball,Aravind Viswanath,0,52
274,Bayern thrash Leipzig to clinch the domestic double,2019-05-25 21:55:33,Football,Aravind Viswanath,0,27
275,Valencia upsets Messi's Barcelona to win the Copa del Rey,2019-05-25 21:56:37,Football,Aravind Viswanath,0,804
276,Lewis Hamilton wins the Monaco Grand Prix,2019-05-26 20:57:50,F1,Aravind Viswanath,0,818
277,India disappoint against New Zealand in the first World Cup warm-up,2019-05-26 20:57:01,Cricket,Aravind Viswanath,0,37
278,Kawhi Leonard and Raptors march on to the NBA Finals to face off against the Warriors,2019-05-27 20:56:24,Basketball,Aravind Viswanath,0,808
279,Caroline Wozniacki crashes out in the first round of the French Open,2019-05-27 20:55:17,Tennis,Aravind Viswanath,0,36
280,2019 Cricket World Cup: Key Australian players to watch out for,2019-05-28 12:25:46,Cricket,Amrit,0,49
281,Europa League Final 2019: Arsenal vs Chelsea - The big countdown,2019-05-28 18:39:04,Football,Aravind Viswanath,0,849
282,Players to watch out at the 2019 Cricket World Cup – Team England,2019-05-29 13:16:26,Cricket,Ayaktan Roy,0,838
283,The 2018-19 UEFA Champions League Final: In Summary,2019-05-29 13:17:54,Football,Aravind Viswanath,0,842
284,Why The White Ball Won't Swing In The World Cup,2019-05-30 16:45:24,Cricket,Garfield Robinson,0,909
285,2019 Cricket World Cup: Key South African players to watch out for,2019-05-30 20:46:57,Cricket,Amrit,0,34
286,NBA Finals 2019: Golden State Warriors vs Toronto Raptors - Preview,2019-05-30 20:45:28,Basketball,Aravind Viswanath,0,819
287,CWC 2019 Players to watch out for - Team West indies,2019-05-31 11:18:19,Cricket,Ayaktan Roy,0,45
288,Raptors stun the Warriors in Game 1 of the NBA Finals,2019-06-01 11:46:36,Basketball,Aravind Viswanath,0,836
289,CWC 2019 Team India: Players to watch out for,2019-06-01 17:02:21,Cricket,Ayaktan Roy,0,32
290,Liverpool outclasses Tottenham to win the UEFA Champions League,2019-06-02 11:23:39,Football,Aravind Viswanath,0,815
291,CWC 2019 Team New Zealand: Players to watch out for,2019-06-03 07:17:43,Cricket,Amrit,0,27
293,Predicting the men's division at the 2019 French Open,2019-06-04 09:13:14,Tennis,niraj prasad,0,1071
294,Warriors pull things back in Game 2 of the NBA Finals,2019-06-04 21:19:54,Basketball,Aravind Viswanath,0,820
296,Predicting India's opening World Cup match against South Africa,2019-06-05 08:12:36,Cricket,niraj prasad,0,857
298,French Open gears up for Fedal semifinal,2019-06-05 13:29:28,Tennis,Aravind Viswanath,0,805
299,SportCo: A revolutionary platform for sports-crazy fans,2019-06-05 14:14:09,SportCo,Aravind Viswanath,0,848
302,Raptors thrash Warriors to go 2-1 up in the NBA Finals,2019-06-06 18:03:42,Basketball,Aravind Viswanath,0,26
303,Djokovic crushes Zverev to set up last four clash with Dominic Thiem,2019-06-06 18:04:39,Tennis,Aravind Viswanath,0,38
305,Predicting the World Cup clash between Pakistan and Sri Lanka,2019-06-07 07:56:16,Cricket,niraj prasad,0,46
306,Kenya beat Madagascar by a solitary goal courtesy a Wanyama spot kick,2019-06-08 18:48:19,Football,Fred Wangila,1,49
307,Nadal annihilates Federer to reach the French Open final,2019-06-07 20:04:57,Tennis,Aravind Viswanath,0,28
308,Predicting the World Cup clash between England and Bangladesh,2019-06-08 08:59:10,Cricket,niraj prasad,0,66
309,Raptors demolish mighty Warriors in Game 4 and are within one win of being champions,2019-06-08 18:49:23,Basketball,Aravind Viswanath,0,16
310,India get the better of defending champions Australia at the ICC Cricket World Cup,2019-06-09 18:49:15,Cricket,Aravind Viswanath,0,16
311,Rafael Nadal is the French Open Champion for the twelfth time,2019-06-09 18:47:07,Tennis,Aravind Viswanath,0,17
312,Portugal defeat the Netherlands to win the inaugural UEFA Nations League,2019-06-10 17:56:31,Football,Aravind Viswanath,0,24
313,Yuvraj Singh: The Prince of Indian Cricket,2019-06-11 11:47:54,Cricket,Amrit,0,21
314,Warriors beat Raptors 106-105 in Game 5 of the NBA Finals,2019-06-11 11:40:28,Basketball,Aravind Viswanath,0,16
320,Hamilton wins the Canadian Grand Prix as Vettel's penalty hits Ferrari hard,2019-06-12 18:09:10,F1,Aravind Viswanath,0,6
321,Morgan magic sees USA annihilate Thailand in the Women's Football World Cup,2019-06-12 18:10:21,Football,Aravind Viswanath,0,17
